,iv,iv_interpretation
image,0.8191901370134675,suspicious
content_size,0.30056967589310074,strong
time,0.25782577718189253,medium
language,0.006282860707022653,useless
link,0.0027053396160058247,useless
