,iv,iv_interpretation
image,1.396095856791042,suspicious
link,0.8675802105049509,suspicious
time,0.38934459227469076,strong
language,0.018229818570672893,useless
content_size,0.010530445002696256,useless
