,iv,iv_interpretation
GBV,1.2402618696778211,suspicious
SRH,0.5890411926062078,suspicious
content_size,0.270579448322121,medium
