,iv,iv_interpretation
GBV,0.30718996619842,strong
content_size,0.28813483493619,medium
sexual,0.28210707721339634,medium
youth,0.17303265686759692,medium
