,iv,iv_interpretation
sexual,0.46120228210372527,strong
content_size,0.4108065361155483,strong
GBV,0.2990071030035646,medium
youth,0.1500563119164975,medium
